{
    "foreground_intensity_properties_per_channel": {
        "0": {
            "max": 3211.0,
            "mean": 134.14849853515625,
            "median": 41.0,
            "min": 0.0,
            "percentile_00_5": 4.0,
            "percentile_99_5": 899.0,
            "std": 198.79884338378906
        }
    },
    "median_relative_size_after_cropping": 1.0,
    "shapes_after_crop": [
        [
            50,
            256,
            224
        ],
        [
            52,
            256,
            256
        ],
        [
            48,
            256,
            256
        ],
        [
            48,
            256,
            256
        ],
        [
            42,
            256,
            256
        ],
        [
            40,
            256,
            256
        ],
        [
            48,
            256,
            256
        ],
        [
            52,
            256,
            256
        ],
        [
            40,
            256,
            224
        ],
        [
            48,
            256,
            256
        ],
        [
            44,
            256,
            256
        ],
        [
            40,
            256,
            256
        ],
        [
            48,
            256,
            256
        ],
        [
            48,
            256,
            256
        ],
        [
            48,
            256,
            256
        ],
        [
            40,
            256,
            256
        ],
        [
            48,
            256,
            256
        ],
        [
            50,
            256,
            224
        ],
        [
            36,
            256,
            224
        ],
        [
            48,
            256,
            256
        ],
        [
            40,
            256,
            224
        ],
        [
            40,
            256,
            256
        ],
        [
            52,
            256,
            256
        ],
        [
            48,
            256,
            256
        ],
        [
            44,
            256,
            224
        ],
        [
            38,
            256,
            224
        ],
        [
            40,
            256,
            256
        ],
        [
            34,
            256,
            224
        ],
        [
            48,
            256,
            256
        ],
        [
            50,
            256,
            256
        ],
        [
            52,
            256,
            256
        ],
        [
            52,
            256,
            256
        ],
        [
            48,
            256,
            256
        ],
        [
            52,
            256,
            256
        ],
        [
            73,
            245,
            256
        ],
        [
            40,
            256,
            256
        ],
        [
            46,
            256,
            256
        ],
        [
            32,
            256,
            256
        ],
        [
            52,
            256,
            256
        ],
        [
            56,
            256,
            256
        ],
        [
            40,
            256,
            256
        ],
        [
            52,
            256,
            256
        ],
        [
            40,
            256,
            256
        ],
        [
            35,
            256,
            256
        ],
        [
            46,
            256,
            256
        ],
        [
            40,
            256,
            256
        ],
        [
            40,
            256,
            256
        ],
        [
            60,
            256,
            256
        ],
        [
            44,
            256,
            256
        ],
        [
            40,
            256,
            256
        ],
        [
            48,
            256,
            256
        ],
        [
            44,
            256,
            256
        ],
        [
            48,
            256,
            256
        ],
        [
            46,
            256,
            256
        ],
        [
            60,
            256,
            256
        ],
        [
            61,
            256,
            256
        ],
        [
            55,
            256,
            256
        ],
        [
            44,
            256,
            256
        ],
        [
            30,
            256,
            256
        ],
        [
            60,
            256,
            256
        ],
        [
            30,
            256,
            256
        ],
        [
            32,
            256,
            256
        ],
        [
            40,
            256,
            256
        ],
        [
            36,
            256,
            256
        ],
        [
            46,
            256,
            256
        ],
        [
            56,
            256,
            230
        ],
        [
            48,
            256,
            248
        ],
        [
            40,
            256,
            256
        ],
        [
            40,
            256,
            230
        ],
        [
            62,
            256,
            230
        ],
        [
            34,
            256,
            256
        ],
        [
            38,
            256,
            256
        ],
        [
            44,
            256,
            229
        ],
        [
            80,
            256,
            224
        ],
        [
            38,
            256,
            256
        ],
        [
            40,
            256,
            256
        ],
        [
            48,
            256,
            229
        ],
        [
            36,
            256,
            256
        ],
        [
            50,
            256,
            256
        ],
        [
            36,
            256,
            256
        ],
        [
            52,
            256,
            256
        ],
        [
            48,
            256,
            253
        ],
        [
            40,
            256,
            249
        ],
        [
            40,
            256,
            252
        ],
        [
            36,
            256,
            254
        ],
        [
            40,
            256,
            254
        ],
        [
            42,
            256,
            251
        ],
        [
            32,
            256,
            250
        ],
        [
            32,
            256,
            248
        ],
        [
            40,
            256,
            247
        ],
        [
            40,
            256,
            220
        ],
        [
            40,
            256,
            256
        ],
        [
            40,
            256,
            254
        ]
    ],